shot_type,confidence,bat_angle,hit_quality,face_stability,stance_bend,front_foot_stance_score,shot_accuracy,feedback_paragraph
sweep,27.237893712103237,57.28271953164694,77.20159035293554,80.22966434462123,40.15110527985433,83.7984286751271,50.90087443418385,"Good sweep shot. Bat angle, hit quality provide controlled execution. Weak stance bend reduce shot effectiveness. Improving confidence will add consistency."
cover,9.106102627384727,6.496276756944431,67.17126036812404,52.72191329380327,51.03855005001944,11.44055473164861,96.19265099668524,"Good cover shot. Face stability, shot accuracy provide controlled execution. Weak bat angle reduce shot effectiveness. Improving front foot stance score will add consistency."
sweep,28.66740057583724,75.86086076028833,78.40242093152662,6.952297074818825,52.65470159437095,12.59319419345667,0.1909441864104688,"Excellent sweep shot. Bat angle, hit quality, stance bend provide controlled execution. Improving face stability will add consistency."
pull,71.84645096922057,84.24810413667682,39.35754732389939,32.46717018098199,72.02486344086783,63.64011983182548,33.125954264871424,"Excellent pull shot. Confidence, stance bend, front foot stance score provide controlled execution. Improving hit quality will add consistency."
sweep,32.03611943791117,84.84746806764807,44.20426302618561,94.51867623063949,76.95233181640715,92.96637663567452,70.341533214145,"Excellent sweep shot. Bat angle, stance bend provide controlled execution. Weak hit quality reduce shot effectiveness. Improving confidence will add consistency."
flick,61.54873309364232,57.29924503904454,36.264457086921794,66.06704478469939,39.499684502582056,24.687733971258773,96.06465242192168,Poor flick shot. Weak hit quality reduce shot effectiveness. Improving stance bend will add consistency.
pull,67.58793350798578,52.52725603683741,31.84966153111037,1.8998247403788748,59.33045876074763,28.77829522662332,98.49623458835792,Poor pull shot. Weak front foot stance score reduce shot effectiveness. Improving hit quality will add consistency.
cut,55.86529903911115,6.826507423423312,1.2269011484304149,92.18314681122754,13.081653082467582,58.3289575202788,68.34333368027029,"Poor cut shot. Weak bat angle, hit quality reduce shot effectiveness. Improving stance bend will add consistency."
cut,18.325323623707167,85.4820593840439,96.80483603155876,36.916528164108406,36.00866893451153,50.07343166052044,26.25512016045888,"Excellent cut shot. Bat angle, hit quality provide controlled execution. Weak confidence reduce shot effectiveness. Improving stance bend will add consistency."
sweep,34.99312188438228,81.28174672542434,4.235613985056396,55.122201571660135,76.61569880085509,12.902462136401828,55.23370404571298,"Excellent sweep shot. Bat angle, stance bend provide controlled execution. Weak hit quality reduce shot effectiveness. Improving front foot stance score will add consistency."
pull,24.931904262618907,9.485605898897342,20.272759477086645,5.52748919178584,42.15255350905242,90.96153684198455,11.539164944049883,"Good pull shot. Front foot stance score provide controlled execution. Weak confidence, stance bend reduce shot effectiveness. Improving bat angle will add consistency."
cut,85.54150226255922,64.4948751702816,95.20702134856408,34.6580360843069,89.32869453951199,54.25159115963739,93.65801318799734,"Excellent cut shot. Confidence, bat angle, hit quality provide controlled execution. Improving face stability will add consistency."
flick,93.74105595676691,23.89714724548457,61.05609818049602,52.550645630102885,87.77355324166821,99.57930994028766,73.50280218228663,Poor flick shot. Weak bat angle reduce shot effectiveness.
cut,83.75101093544951,76.9050934552392,36.33335527757109,83.65929525765064,8.450119529579181,97.12329865488836,55.55457717274391,"Excellent cut shot. Confidence, bat angle provide controlled execution. Weak hit quality reduce shot effectiveness. Improving stance bend will add consistency."
flick,11.814259766772462,62.15782006348728,22.706383096533667,3.5079985914602485,20.082929274969818,13.245906624728931,94.70143629256216,"Poor flick shot. Weak hit quality, face stability reduce shot effectiveness. Improving stance bend will add consistency."
cover,73.97265874347733,63.6672952822456,56.837946173669415,84.42643286143229,38.48258846129454,71.1507204534719,29.303215782524276,"Good cover shot. Bat angle, face stability provide controlled execution. Weak shot accuracy reduce shot effectiveness. Improving stance bend will add consistency."
pull,8.599385338181708,92.64655384729434,90.960853173178,40.53625606413025,91.02299708432898,77.36992542558946,33.805095337394,"Excellent pull shot. Stance bend, front foot stance score provide controlled execution. Weak confidence reduce shot effectiveness. Improving face stability will add consistency."
cut,41.03674253379415,9.809102677312396,3.875826709771768,31.83033627775268,22.31994028413895,3.9756210936326752,25.500898470694587,"Poor cut shot. Weak confidence, bat angle, hit quality reduce shot effectiveness. Improving stance bend will add consistency."
flick,8.716147099940697,29.83899973551265,15.688177729988572,39.64086353492531,34.975765964760605,0.4036965479805365,0.1786244006570125,"Poor flick shot. Weak bat angle, hit quality, face stability reduce shot effectiveness. Improving stance bend will add consistency."
pull,37.10392835946293,19.5537461378988,70.42305615578344,77.02976459939654,66.52425526595404,8.507572205800562,33.01132943871284,"Poor pull shot. Weak confidence, front foot stance score reduce shot effectiveness. Improving bat angle will add consistency."
pull,44.51923363205046,53.56202814711523,55.97279503658357,55.05503316818135,6.259871680976625,6.382205491050108,34.28296557587088,"Poor pull shot. Weak confidence, stance bend, front foot stance score reduce shot effectiveness."
cut,85.12051000827445,19.71518293057105,70.45675484322453,58.83310733525193,83.16869578391713,38.89887135712801,56.24452421009586,"Excellent cut shot. Confidence, hit quality provide controlled execution. Weak bat angle reduce shot effectiveness. Improving front foot stance score will add consistency."
pull,32.23677797508431,88.26351751427387,75.64012130480255,78.65163495320053,28.259413964302603,64.32183142872249,82.39109260021567,"Poor pull shot. Weak confidence, stance bend reduce shot effectiveness."
flick,73.81413627303345,29.99576818519063,74.96301565608252,49.63681538702033,29.650560776905863,7.264618713430559,63.81375415284418,"Good flick shot. Hit quality provide controlled execution. Weak bat angle, face stability reduce shot effectiveness. Improving stance bend will add consistency."
cover,55.79537674606237,40.29556807007258,80.14728861275093,62.19230825073843,16.53871120135261,54.96598355527954,70.58362641791724,"Good cover shot. Face stability, shot accuracy provide controlled execution. Weak bat angle reduce shot effectiveness. Improving stance bend will add consistency."
flick,39.20166313832784,53.14835969591377,90.99949102011162,27.711186526156805,97.617856226163,84.60018503081884,6.0424409014892655,"Good flick shot. Bat angle, hit quality provide controlled execution. Weak face stability reduce shot effectiveness. Improving confidence will add consistency."
flick,11.886125344162767,58.43581310417952,30.197890355471724,77.31111395372238,36.65811008322712,33.12256364741236,88.12738706932541,"Good flick shot. Bat angle, face stability provide controlled execution. Weak hit quality reduce shot effectiveness. Improving stance bend will add consistency."
cover,6.990736948353171,19.194933871117332,79.548846917881,2.9390360550529016,91.11190483409102,43.21243649216798,35.94352422864048,"Poor cover shot. Weak bat angle, face stability, shot accuracy reduce shot effectiveness. Improving front foot stance score will add consistency."
cut,10.726533643681558,57.1175166771135,64.33793249445601,40.74964848852618,52.33026267849448,51.13844554867636,19.05835451103092,Poor cut shot. Weak confidence reduce shot effectiveness. Improving face stability will add consistency.
cover,79.43335874049853,10.654834328954276,0.5366569642114127,7.708009582831266,15.952916934512118,68.51332955224971,81.54293833210971,"Good cover shot. Shot accuracy provide controlled execution. Weak bat angle, face stability reduce shot effectiveness. Improving stance bend will add consistency."
sweep,64.55844487607777,9.310817127997806,92.17105327967973,4.437005518526293,31.426647005095464,72.33556756266263,85.54403410075166,"Good sweep shot. Hit quality provide controlled execution. Weak bat angle, stance bend reduce shot effectiveness. Improving face stability will add consistency."
pull,85.04794017241576,26.55094802969007,20.87295666495124,44.68302545194427,54.08352100228737,53.70097099158508,82.94194933257444,"Good pull shot. Confidence, stance bend, front foot stance score provide controlled execution. Improving bat angle will add consistency."
cover,75.6411448253833,53.81311240297393,99.97543924994028,49.13349734232144,58.66260246748519,58.25928812866471,20.70326886042369,"Poor cover shot. Weak face stability, shot accuracy reduce shot effectiveness."
cover,75.44890900985258,58.10950914368449,45.337637990048016,74.85583578469246,95.26577262105114,75.67355591136372,62.67396491285388,"Good cover shot. Bat angle, face stability, shot accuracy provide controlled execution. Improving hit quality will add consistency."
pull,56.64735591114405,87.48428373522641,42.34620121822294,83.25127529243255,12.165203183016192,21.75725744129048,61.14978007545837,"Poor pull shot. Weak stance bend, front foot stance score reduce shot effectiveness. Improving hit quality will add consistency."
pull,32.97017897911175,3.202792054010728,73.77258262988533,65.28101350212616,55.49695986570292,68.20492038076365,94.70022174011592,Poor pull shot. Weak confidence reduce shot effectiveness. Improving bat angle will add consistency.
cut,88.37581478589937,61.05940918027756,28.601613925912016,62.47835594053007,79.8900717689033,11.648131201049129,48.44146775575282,"Good cut shot. Confidence, bat angle provide controlled execution. Weak hit quality reduce shot effectiveness. Improving front foot stance score will add consistency."
cut,82.70357482542856,23.980182694125894,47.31172756346667,40.892298578446926,71.52542055892769,85.85385597091924,76.20614101093037,"Good cut shot. Confidence provide controlled execution. Weak bat angle, hit quality reduce shot effectiveness. Improving face stability will add consistency."
flick,48.57179130003991,33.208957039663765,76.63027998831741,80.08872430179078,20.38643443062902,72.01763120810487,97.61016400706583,"Excellent flick shot. Hit quality, face stability provide controlled execution. Weak bat angle reduce shot effectiveness. Improving stance bend will add consistency."
sweep,31.501808230872296,48.24201340999662,55.15375391544871,90.96746044359335,59.5727074191318,75.56266926376082,74.49872861735456,Poor sweep shot. Weak bat angle reduce shot effectiveness. Improving confidence will add consistency.
flick,60.91263175249113,84.47674311173246,22.678797728935653,22.465752633040616,46.832164037956304,92.60258844789014,20.469279995928517,"Good flick shot. Bat angle provide controlled execution. Weak hit quality, face stability reduce shot effectiveness. Improving stance bend will add consistency."
cut,44.3631901354244,74.68074791504176,58.19510615443488,81.38928085242154,47.67536237556668,2.95144691790461,7.018552262204858,"Good cut shot. Bat angle, hit quality provide controlled execution. Weak confidence reduce shot effectiveness. Improving stance bend will add consistency."
flick,22.39571839964566,20.64269810622147,63.55532147100734,11.41916565405796,2.983284849177259,34.577289265718505,25.967415924760427,"Poor flick shot. Weak bat angle, face stability reduce shot effectiveness. Improving stance bend will add consistency."
sweep,58.01819670899631,38.94393966796076,2.1416929163838416,56.4703351060858,42.149994258738666,89.23658704546041,20.120890130321524,"Poor sweep shot. Weak bat angle, hit quality, stance bend reduce shot effectiveness."
pull,73.18633761559595,51.12314262296061,64.9586982201874,98.00457290863577,47.64450522621608,35.1665412647914,90.29838967068484,"Good pull shot. Confidence provide controlled execution. Weak stance bend, front foot stance score reduce shot effectiveness."
cover,37.659142003801605,97.9403215708412,62.07994364934296,90.04067330277611,4.355566878000139,1.2759701561266712,75.36351620356994,"Excellent cover shot. Bat angle, face stability, shot accuracy provide controlled execution. Improving stance bend will add consistency."
cover,87.85188426231944,16.854878536995386,21.550270827473877,62.50196366188041,92.13233269297407,80.33138819620126,24.699663551352103,"Poor cover shot. Weak bat angle, shot accuracy reduce shot effectiveness. Improving hit quality will add consistency."
pull,57.24955420967648,12.608647258465531,24.255487767478133,87.5340221472131,91.95011236945064,83.5991557867094,42.57282136479574,"Excellent pull shot. Confidence, stance bend, front foot stance score provide controlled execution. Improving bat angle will add consistency."
cover,54.23254345189024,51.072595151461854,88.95616331256778,76.37362132795133,50.34679549935361,39.12996708410227,3.55039264896968,"Good cover shot. Bat angle, face stability provide controlled execution. Weak shot accuracy reduce shot effectiveness. Improving front foot stance score will add consistency."
flick,78.97886642858558,79.02061998420804,18.7129241699709,39.66422800361957,72.9654330237667,46.490698366601904,87.97601899116351,"Good flick shot. Bat angle provide controlled execution. Weak hit quality, face stability reduce shot effectiveness. Improving front foot stance score will add consistency."
flick,55.4020024407012,51.99390002769149,8.970689384574781,76.26134443288977,86.21473940957162,10.598472558574878,3.4492505555211217,"Good flick shot. Bat angle, face stability provide controlled execution. Weak hit quality reduce shot effectiveness. Improving front foot stance score will add consistency."
sweep,59.01565954830165,99.66707655145764,41.138758805684446,67.63004879735549,20.13561111885909,49.98006047602429,79.75626212491245,"Good sweep shot. Bat angle provide controlled execution. Weak hit quality, stance bend reduce shot effectiveness. Improving front foot stance score will add consistency."
cut,35.99905092105683,73.61569219992298,41.748899240935664,43.70290136338826,76.05973262590285,85.91147781280193,14.688288045131248,"Good cut shot. Bat angle provide controlled execution. Weak confidence, hit quality reduce shot effectiveness. Improving face stability will add consistency."
sweep,10.057603487821398,15.1305483556196,45.52553514087224,37.83490339208993,50.46943659332131,31.43391171863909,12.28333853508976,"Poor sweep shot. Weak bat angle, hit quality reduce shot effectiveness. Improving face stability will add consistency."
flick,21.186166237590378,31.948247718983648,69.09481860098168,61.10546125528351,51.904938941428405,8.45388961530249,35.828731672539924,Poor flick shot. Weak bat angle reduce shot effectiveness. Improving front foot stance score will add consistency.
pull,78.68238826582567,32.717518631355944,67.76069192101833,14.433223554331551,38.9084514900405,77.45684367772532,55.57766156292479,"Excellent pull shot. Confidence, front foot stance score provide controlled execution. Weak stance bend reduce shot effectiveness. Improving bat angle will add consistency."
cut,23.068656619132312,28.251793551059457,4.50374562788145,93.9737502522158,68.25740594245673,60.84197318147297,14.71098001090877,"Poor cut shot. Weak confidence, bat angle, hit quality reduce shot effectiveness."
cover,52.74013571305116,56.96375245503396,47.64499543885318,5.083086747294374,49.098278174974375,80.86769300148491,8.639355361431722,"Poor cover shot. Weak face stability, shot accuracy reduce shot effectiveness. Improving stance bend will add consistency."
pull,8.923750612858816,41.008656778418704,15.21416853713876,43.09393481200099,90.45001428873366,18.842752992388768,29.75418040787168,"Good pull shot. Stance bend provide controlled execution. Weak confidence, front foot stance score reduce shot effectiveness. Improving bat angle will add consistency."
pull,53.50957802358109,92.1205576602484,91.6417566984892,24.69929136766269,58.71315415944422,19.2418704312598,52.39113391526471,Poor pull shot. Weak front foot stance score reduce shot effectiveness. Improving face stability will add consistency.
cut,7.43771641079255,1.3060525078417484,86.12758617089943,40.89661514139885,53.411469255941626,34.46901432538929,54.0961020580007,"Good cut shot. Hit quality provide controlled execution. Weak confidence, bat angle reduce shot effectiveness. Improving face stability will add consistency."
sweep,19.68797017416893,21.791348213302264,92.20386795453692,75.5505058197434,75.45962823340078,86.82410973775342,59.19261926433048,"Excellent sweep shot. Hit quality, stance bend provide controlled execution. Weak bat angle reduce shot effectiveness. Improving confidence will add consistency."
pull,60.56714436489553,43.91966840515708,33.95215716715446,35.99387088581382,74.4470875805469,2.108170041048929,36.58816685382064,"Good pull shot. Confidence, stance bend provide controlled execution. Weak front foot stance score reduce shot effectiveness. Improving bat angle will add consistency."
cut,47.07582150734233,46.15020584407456,94.16907673947144,69.53297921732758,83.95894417506608,3.972351807687247,9.815270650482368,"Good cut shot. Hit quality provide controlled execution. Weak confidence, bat angle reduce shot effectiveness. Improving front foot stance score will add consistency."
sweep,12.504382750243014,63.57644497460348,63.07740368267861,76.27777368024998,82.18428614531624,35.413527197794025,34.73513439969227,"Good sweep shot. Bat angle, hit quality, stance bend provide controlled execution. Improving front foot stance score will add consistency."
pull,26.81441080701856,53.70726316037743,29.188600561288467,64.5270526733479,71.3248106963351,83.98263947293982,64.5318395527064,"Excellent pull shot. Stance bend, front foot stance score provide controlled execution. Weak confidence reduce shot effectiveness. Improving hit quality will add consistency."
cover,1.7967298494815598,94.3589232577766,9.413010710018078,58.08222123280059,55.95834414831175,29.95004905671136,76.16632218900592,"Excellent cover shot. Bat angle, face stability, shot accuracy provide controlled execution. Improving front foot stance score will add consistency."
sweep,24.75822539851829,22.6000655725069,24.405745430660694,54.24403518512078,3.916547277043414,90.92444609947782,35.3267453983974,"Poor sweep shot. Weak bat angle, hit quality, stance bend reduce shot effectiveness. Improving confidence will add consistency."
pull,96.00910583262984,18.31216967827126,47.19386331879584,2.9639577140736506,47.92731152850598,17.443203578586374,85.42835320329057,"Good pull shot. Confidence provide controlled execution. Weak stance bend, front foot stance score reduce shot effectiveness. Improving bat angle will add consistency."
flick,1.3079138940682689,92.78766675309734,86.96320978270984,9.876294125409768,2.0959517674269845,54.41764556837292,26.186086020773224,"Excellent flick shot. Bat angle, hit quality provide controlled execution. Weak face stability reduce shot effectiveness. Improving stance bend will add consistency."
sweep,22.836219797071788,13.005705294645908,17.224420361692584,78.75729180803529,22.06240579418749,40.87832099702344,24.633386232269995,"Poor sweep shot. Weak bat angle, hit quality, stance bend reduce shot effectiveness. Improving front foot stance score will add consistency."
flick,94.09710177956072,75.18448923893447,99.83693207585225,30.025815583237847,90.9594942907322,43.90147318686558,61.44432458236943,"Excellent flick shot. Bat angle, hit quality provide controlled execution. Weak face stability reduce shot effectiveness. Improving front foot stance score will add consistency."
cover,42.05026403057451,29.40025891601036,83.59544899426061,90.52074867432924,20.70699004086952,39.805418385317225,2.721972221549218,"Good cover shot. Face stability provide controlled execution. Weak bat angle, shot accuracy reduce shot effectiveness. Improving stance bend will add consistency."
pull,98.83639238113636,85.55829142182735,8.856179142183763,77.04133299976264,38.19387149392558,63.27931359540332,59.24428296237674,"Good pull shot. Confidence, front foot stance score provide controlled execution. Weak stance bend reduce shot effectiveness. Improving hit quality will add consistency."
cover,31.82614068829309,32.85277630894711,71.30468874852437,8.727882486145466,83.31978325882423,78.25419993099608,16.71303280100396,"Poor cover shot. Weak bat angle, face stability, shot accuracy reduce shot effectiveness."
cut,11.779535441307964,14.583763040581951,46.13447562226928,44.25345238445946,95.28481525084848,83.78139342356666,19.72914651277514,"Poor cut shot. Weak confidence, bat angle, hit quality reduce shot effectiveness. Improving face stability will add consistency."
cut,92.15981908400802,85.39861590306718,64.29326089411587,28.47554025962442,35.25501867485554,38.17958689763553,32.552757161367495,"Excellent cut shot. Confidence, bat angle, hit quality provide controlled execution. Improving stance bend will add consistency."
sweep,22.940378502910374,81.34833261494843,52.08918767208548,40.74817989342756,59.1382469520776,7.754844729078247,93.66516591967364,"Good sweep shot. Bat angle, hit quality, stance bend provide controlled execution. Improving face stability will add consistency."
cover,11.677717272896428,46.04995699051389,7.861757831323568,52.59572471322747,41.96639868001875,61.03289859058377,64.07361083871037,Poor cover shot. Weak bat angle reduce shot effectiveness. Improving stance bend will add consistency.
cover,80.17919754093955,31.503982214528943,52.89854481648838,11.79025704771922,6.975497357369864,77.5444854528694,19.48311105759447,"Poor cover shot. Weak bat angle, face stability, shot accuracy reduce shot effectiveness. Improving stance bend will add consistency."
sweep,14.462264445821493,65.21319634505568,22.87002889934892,94.52132721863964,52.90115287440399,75.16089596235854,41.341247215936015,Poor sweep shot. Weak hit quality reduce shot effectiveness. Improving confidence will add consistency.
pull,44.186959290309325,41.59561071317227,92.705223846772,69.16662739826481,64.04284135043923,85.14297753240139,10.940870993063632,"Good pull shot. Stance bend, front foot stance score provide controlled execution. Weak confidence reduce shot effectiveness. Improving bat angle will add consistency."
cover,9.807638193833512,39.34733338422801,67.11836323318295,81.70917594509717,57.78314635699275,83.11173176962065,20.25200636341141,"Good cover shot. Face stability provide controlled execution. Weak bat angle, shot accuracy reduce shot effectiveness."
flick,82.60321217932133,81.81777697194703,91.9109905702164,88.61325552493143,88.41975653672208,66.3583396047222,62.88180519324883,"Excellent flick shot. Bat angle, hit quality, face stability provide controlled execution."
cover,26.72884116448737,3.3041791460832304,17.43480457843811,97.69339252975496,97.93386957775544,33.528389525822945,28.94228315511036,"Good cover shot. Face stability provide controlled execution. Weak bat angle, shot accuracy reduce shot effectiveness. Improving front foot stance score will add consistency."
sweep,5.053730105214427,98.00423891916324,30.731200978764093,31.074215184826517,9.024217372182818,7.681236070309882,85.65988445203556,"Good sweep shot. Bat angle provide controlled execution. Weak hit quality, stance bend reduce shot effectiveness. Improving face stability will add consistency."
flick,26.23093705343965,37.01029742020852,62.24860955911811,85.99249311159085,15.799481427696026,18.132434825668486,24.37345083203747,"Good flick shot. Hit quality, face stability provide controlled execution. Weak bat angle reduce shot effectiveness. Improving stance bend will add consistency."
sweep,68.7053326513482,45.89600438744312,16.706349778505704,86.90318340805526,51.65326997616092,11.734543377461993,42.81864066774577,"Poor sweep shot. Weak bat angle, hit quality reduce shot effectiveness. Improving front foot stance score will add consistency."
cover,16.306695809549055,93.78252193122998,50.06802997655847,85.73647098623842,46.174293061282825,37.99333375089455,15.588930624588905,"Excellent cover shot. Bat angle, face stability provide controlled execution. Weak shot accuracy reduce shot effectiveness. Improving stance bend will add consistency."
cover,64.7215352659492,91.5331376942394,36.10710566933217,57.87026698828488,88.1909900708613,61.49777835259618,49.318014047827,"Good cover shot. Bat angle, face stability provide controlled execution. Weak shot accuracy reduce shot effectiveness. Improving hit quality will add consistency."
cut,14.44137274604429,87.86446732407325,47.29091790747182,8.791056894571103,4.8606263995827685,27.07346994449468,47.91047141180913,"Good cut shot. Bat angle provide controlled execution. Weak confidence, hit quality reduce shot effectiveness. Improving stance bend will add consistency."
sweep,86.14601398041424,34.82533636502383,61.3085007080084,24.583158675694406,75.01981903382692,51.99864527005998,40.4436395347285,"Good sweep shot. Hit quality, stance bend provide controlled execution. Weak bat angle reduce shot effectiveness. Improving face stability will add consistency."
cut,1.8794670268490128,71.09507291872035,36.56343977861288,99.45062914855632,76.77682545054407,5.977375223163661,66.43877251692295,"Good cut shot. Bat angle provide controlled execution. Weak confidence, hit quality reduce shot effectiveness. Improving front foot stance score will add consistency."
sweep,89.12170826621136,19.17193673652356,47.890656976631305,52.24001464441247,86.45743150661704,37.04966494517655,74.31717692930806,"Good sweep shot. Stance bend provide controlled execution. Weak bat angle, hit quality reduce shot effectiveness. Improving front foot stance score will add consistency."
flick,88.43024143547753,67.85083895534207,34.86805700495604,10.577897893034017,72.6146337672436,24.84247588109243,37.800468743900986,"Poor flick shot. Weak hit quality, face stability reduce shot effectiveness. Improving front foot stance score will add consistency."
flick,45.766784094802425,15.850303066286632,57.27401955093711,86.99981847536888,78.3581464830773,96.04962639873258,6.761337568302794,"Good flick shot. Hit quality, face stability provide controlled execution. Weak bat angle reduce shot effectiveness. Improving confidence will add consistency."
flick,69.404490439772,50.39674138555241,99.23248712094052,85.25395575887568,93.28142693996836,12.26020545512415,57.69047329090324,"Excellent flick shot. Bat angle, hit quality, face stability provide controlled execution. Improving front foot stance score will add consistency."
flick,29.045509780416403,83.48765459370861,28.234132823227164,32.79265543070172,85.66815202485567,87.42116209311554,81.33624898988492,"Good flick shot. Bat angle provide controlled execution. Weak hit quality, face stability reduce shot effectiveness. Improving confidence will add consistency."
cut,43.93956872640268,25.734088112550022,2.7856601103645184,80.59422131539098,93.73731070575712,48.48337070969245,54.276394288454114,"Poor cut shot. Weak confidence, bat angle, hit quality reduce shot effectiveness. Improving front foot stance score will add consistency."
flick,81.00922598080604,71.50959933342008,47.69712656763775,66.78485470372209,95.80345094066708,99.77581782769396,83.44327623601356,"Good flick shot. Bat angle, face stability provide controlled execution. Weak hit quality reduce shot effectiveness."
flick,89.84184437007211,61.96425559010612,81.69872723804794,56.53399651099761,50.68209604608458,56.23968726872033,62.89351364790444,"Good flick shot. Bat angle, hit quality, face stability provide controlled execution."
cut,81.28273897795387,17.86894331625656,4.725735600142711,81.02895947523734,65.3645092991791,15.270683979894429,39.34993938030558,"Good cut shot. Confidence provide controlled execution. Weak bat angle, hit quality reduce shot effectiveness. Improving front foot stance score will add consistency."
cover,50.83085135555792,14.347624530547808,42.85246747236523,32.662249527789285,71.3987761487118,94.44785526651252,78.2401336357639,"Good cover shot. Shot accuracy provide controlled execution. Weak bat angle, face stability reduce shot effectiveness. Improving hit quality will add consistency."
flick,89.9944136229739,24.966710659266088,31.333434241122134,46.96801426617658,99.69511747724734,6.361014386557296,95.6152144196676,"Poor flick shot. Weak bat angle, hit quality, face stability reduce shot effectiveness. Improving front foot stance score will add consistency."
sweep,29.420953324705334,86.92936161714762,99.4581049415802,92.36574119496169,23.899494160948564,84.55433130921821,59.62774632326002,"Excellent sweep shot. Bat angle, hit quality provide controlled execution. Weak stance bend reduce shot effectiveness. Improving confidence will add consistency."
sweep,76.76232180280898,95.26415441675996,71.12437275639148,98.75234868749784,1.5809596837124351,6.04203546995381,10.010350127756364,"Excellent sweep shot. Bat angle, hit quality provide controlled execution. Weak stance bend reduce shot effectiveness. Improving front foot stance score will add consistency."
cover,58.59662833032903,2.085040103489721,34.67402812247248,60.08478121245871,66.6874447002099,23.653997592595832,22.37910765265384,"Poor cover shot. Weak bat angle, shot accuracy reduce shot effectiveness. Improving front foot stance score will add consistency."
pull,49.53885198902693,78.46978009471567,76.67047410646609,69.74427941207611,33.034039807491936,73.51933432105639,73.5863553615052,"Good pull shot. Front foot stance score provide controlled execution. Weak confidence, stance bend reduce shot effectiveness."
cover,79.2532019828944,67.17714133976229,73.95165929829692,51.1952951310934,86.4596952321954,30.40259267244581,17.23691742307716,Poor cover shot. Weak shot accuracy reduce shot effectiveness. Improving front foot stance score will add consistency.
cover,63.22038365581266,9.79655101474254,10.013072873773654,94.10006470615892,22.617380655936117,98.41800540786944,85.4439665889098,"Excellent cover shot. Face stability, shot accuracy provide controlled execution. Weak bat angle reduce shot effectiveness. Improving stance bend will add consistency."
cut,67.26977386659064,45.01415043743992,14.394491869394365,0.1128601821032804,90.44306311914552,53.20322113400691,89.8718594467322,"Poor cut shot. Weak bat angle, hit quality reduce shot effectiveness. Improving face stability will add consistency."
cut,66.9006745611868,84.44387220497788,3.5256454165125795,82.91242072382975,17.925352942502315,18.748558023957905,3.771143712243541,"Good cut shot. Confidence, bat angle provide controlled execution. Weak hit quality reduce shot effectiveness. Improving stance bend will add consistency."
cover,42.2378242465284,33.36450169110926,10.459115227205215,13.57529914830733,59.15179782385095,96.7605321347747,24.20906141729085,"Poor cover shot. Weak bat angle, face stability, shot accuracy reduce shot effectiveness. Improving hit quality will add consistency."
pull,60.05674806392904,19.47811127689104,43.167736279688725,23.1738818303196,60.28007231931261,19.335487156967936,56.72527511097197,Poor pull shot. Weak front foot stance score reduce shot effectiveness. Improving bat angle will add consistency.
sweep,2.3580999415793946,85.7174842546463,81.31149005577231,33.829573093409934,30.282457724787943,88.34725641778043,5.397431051383627,"Excellent sweep shot. Bat angle, hit quality provide controlled execution. Weak stance bend reduce shot effectiveness. Improving face stability will add consistency."
cover,42.16865656543729,99.91550286857655,61.739605480761725,24.89556177944308,21.118560106809248,76.30099487203242,91.47734570991092,"Excellent cover shot. Bat angle, shot accuracy provide controlled execution. Weak face stability reduce shot effectiveness. Improving stance bend will add consistency."
pull,73.07479798532935,73.85550209083435,44.523820313021886,53.96912264591942,26.367419025478966,27.08551637857849,86.74037695503488,"Good pull shot. Confidence provide controlled execution. Weak stance bend, front foot stance score reduce shot effectiveness. Improving hit quality will add consistency."
flick,98.27284627672972,78.32287994188171,84.17619928287978,60.11050712724811,14.869908135137022,91.01181232127014,18.761151004202212,"Excellent flick shot. Bat angle, hit quality, face stability provide controlled execution. Improving stance bend will add consistency."
cut,83.9237178168041,27.387913306928823,82.33781757765215,9.315474323854056,1.3238046306741302,92.85532778000862,50.83585991515792,"Excellent cut shot. Confidence, hit quality provide controlled execution. Weak bat angle reduce shot effectiveness. Improving stance bend will add consistency."
sweep,70.92464249106007,80.01781160992284,37.700810664074304,50.89813113900148,86.06603228680488,93.95602462043892,79.41173870946669,"Excellent sweep shot. Bat angle, stance bend provide controlled execution. Weak hit quality reduce shot effectiveness."
flick,81.28346274475909,59.11646076766289,84.78636763727202,25.919678712427707,88.29497096898874,81.72427457297408,56.8295137799283,"Good flick shot. Bat angle, hit quality provide controlled execution. Weak face stability reduce shot effectiveness."
sweep,72.69112486325065,83.21892825437466,94.90606470310776,82.74626167070936,75.64633899991203,71.51440220453273,68.64461129230651,"Excellent sweep shot. Bat angle, hit quality, stance bend provide controlled execution."
flick,38.926672982601865,27.0538075141611,29.25782483893764,63.52245148089048,34.44030518166124,37.57757044100756,21.703065474442795,"Poor flick shot. Weak bat angle, hit quality reduce shot effectiveness. Improving stance bend will add consistency."
cut,33.09268658677603,23.53370808058162,60.084735731575314,26.44020266766845,36.52143610265701,18.790655736974525,4.143062498797844,"Poor cut shot. Weak confidence, bat angle reduce shot effectiveness. Improving stance bend will add consistency."
sweep,12.0399072315579,85.29060422159482,85.75138477468383,96.60436647641032,82.99218293306598,35.198335578062554,79.55555821459741,"Excellent sweep shot. Bat angle, hit quality, stance bend provide controlled execution. Improving front foot stance score will add consistency."
pull,17.634187011614387,71.30030486355794,98.01796672787776,0.6083532641497302,28.08379730820878,94.14903866821956,58.561026309229824,"Good pull shot. Front foot stance score provide controlled execution. Weak confidence, stance bend reduce shot effectiveness. Improving face stability will add consistency."
cover,96.27229242576156,53.61957767529103,96.26325373359424,49.086332966325145,76.26222083075055,54.61489694977929,63.79392836105896,Poor cover shot. Weak face stability reduce shot effectiveness.
pull,18.92283807584343,77.32334231012678,4.977430872968547,52.74604115797344,50.93544175166894,38.756217823558856,91.26562120049796,"Poor pull shot. Weak confidence, front foot stance score reduce shot effectiveness. Improving hit quality will add consistency."
flick,1.1169690636758878,40.39618533887872,37.9664399253352,47.35042649832371,55.93433564117826,55.12231454905484,58.833529500031126,"Poor flick shot. Weak bat angle, hit quality, face stability reduce shot effectiveness. Improving confidence will add consistency."
cover,46.542147550358834,5.918408039452783,79.83506062680638,56.43710215523468,16.000255466471213,69.56565791393793,45.83886951477216,"Poor cover shot. Weak bat angle, shot accuracy reduce shot effectiveness. Improving stance bend will add consistency."
pull,15.141694699130891,22.272660843749303,21.02967854020391,16.950394210266907,43.06410195107551,19.02119989827674,6.616383082463417,"Poor pull shot. Weak confidence, stance bend, front foot stance score reduce shot effectiveness. Improving bat angle will add consistency."
flick,53.19328003058479,57.47576407000752,88.35228634284012,13.66042572560059,1.12382469941551,46.2025820972832,50.58594323763702,"Good flick shot. Bat angle, hit quality provide controlled execution. Weak face stability reduce shot effectiveness. Improving stance bend will add consistency."
sweep,39.03808066923832,18.003013060114657,48.27462702055389,13.7380413380529,7.383697325844418,50.51306408608577,62.4594474480956,"Poor sweep shot. Weak bat angle, hit quality, stance bend reduce shot effectiveness. Improving face stability will add consistency."
cover,67.13458059736682,62.156672992791,39.05280018628532,47.66077798864386,71.14723879666563,40.42058167188423,9.288907852507268,"Poor cover shot. Weak face stability, shot accuracy reduce shot effectiveness. Improving front foot stance score will add consistency."
cut,36.38163928410809,55.84513284944741,64.53469848100431,73.38949362212603,30.194646974461868,26.09331829681787,0.2166248215053734,Poor cut shot. Weak confidence reduce shot effectiveness. Improving stance bend will add consistency.
cut,19.387888883049698,69.59524000720624,77.57288322276551,97.14193081308647,67.05082462261865,33.474080387283024,76.60925229743837,"Good cut shot. Bat angle, hit quality provide controlled execution. Weak confidence reduce shot effectiveness. Improving front foot stance score will add consistency."
sweep,34.27826977812568,2.9862514996495726,54.16482142929095,40.78368327585725,8.059121841032013,94.02335971093044,74.30932508633225,"Poor sweep shot. Weak bat angle, stance bend reduce shot effectiveness. Improving face stability will add consistency."
cover,54.50003749194296,84.73723443417445,29.08666563018253,19.53842800070048,51.259331498037966,20.049294581818465,13.514933603730416,"Good cover shot. Bat angle provide controlled execution. Weak face stability, shot accuracy reduce shot effectiveness. Improving front foot stance score will add consistency."
cover,81.71929905087326,39.69115784415904,67.95581955901177,89.58326285583772,56.35641471614314,96.01100423031478,73.36393610322526,"Excellent cover shot. Face stability, shot accuracy provide controlled execution. Weak bat angle reduce shot effectiveness."
pull,64.0593900560593,87.45371577327288,53.94615087656919,59.301684309513966,20.29012412533865,42.43950151073842,69.09432322956131,"Poor pull shot. Weak stance bend, front foot stance score reduce shot effectiveness."
sweep,51.67283635033839,11.70144544064886,51.2804204017077,75.40315185552427,90.15916466087424,95.97057052523604,4.629028152239078,"Good sweep shot. Hit quality, stance bend provide controlled execution. Weak bat angle reduce shot effectiveness."
cover,12.888621374001351,11.837177936629072,46.75735278026192,18.073987384485456,82.0128982838164,23.7028445807809,73.33877559040307,"Good cover shot. Shot accuracy provide controlled execution. Weak bat angle, face stability reduce shot effectiveness. Improving front foot stance score will add consistency."
sweep,88.95696390422756,53.19622477287205,36.39270280437209,9.399526224299882,47.26293104334934,98.18649829365822,98.38066401404517,"Poor sweep shot. Weak hit quality, stance bend reduce shot effectiveness. Improving face stability will add consistency."
flick,76.82447184984413,76.48802425830617,67.33035288919977,32.90618421080771,51.55786770846883,20.96271305658408,91.29503097660186,"Good flick shot. Bat angle, hit quality provide controlled execution. Weak face stability reduce shot effectiveness. Improving front foot stance score will add consistency."
cover,68.116582494017,13.479005850105407,90.36607790185316,31.85387387840745,55.99393472798161,62.352653150400805,86.16272777396344,"Good cover shot. Shot accuracy provide controlled execution. Weak bat angle, face stability reduce shot effectiveness."
cover,92.97415471866104,19.38672525164433,80.79682365837151,95.99676396133412,53.94471392803288,43.38173406401019,76.71933603264839,"Excellent cover shot. Face stability, shot accuracy provide controlled execution. Weak bat angle reduce shot effectiveness. Improving front foot stance score will add consistency."
cut,12.581823480253885,91.44777664069476,98.22425401005714,1.119270056749866,65.68310116670945,7.896276266750057,73.42864895649348,"Excellent cut shot. Bat angle, hit quality provide controlled execution. Weak confidence reduce shot effectiveness. Improving face stability will add consistency."
flick,10.137018120802942,57.57570318605075,58.32884602897518,76.43452832529661,52.11761224052533,72.96879498173926,76.30959888113364,"Good flick shot. Bat angle, hit quality, face stability provide controlled execution. Improving confidence will add consistency."
pull,18.18574316327829,72.3457374612565,68.89457883618036,77.04465794383928,53.74482639634305,89.50441563298641,81.75128935988573,"Good pull shot. Stance bend, front foot stance score provide controlled execution. Weak confidence reduce shot effectiveness."
sweep,35.1085614608546,92.91998701527773,67.76511861036177,59.00586433016981,6.512908241964322,20.89159117739657,64.54555282375127,"Good sweep shot. Bat angle, hit quality provide controlled execution. Weak stance bend reduce shot effectiveness. Improving front foot stance score will add consistency."
flick,32.07153035932181,53.61804782059784,54.44174400333635,80.53739084758008,33.12775577458393,61.91934651396572,36.98855462519365,"Good flick shot. Bat angle, hit quality, face stability provide controlled execution. Improving stance bend will add consistency."
flick,90.11173919875444,49.83506108780763,21.801647339334394,56.22377279474578,68.14772450329191,46.36433533017884,38.30754671784401,"Poor flick shot. Weak bat angle, hit quality reduce shot effectiveness. Improving front foot stance score will add consistency."
pull,83.99280797701105,66.52139334301036,16.331344036549822,16.485203196635457,92.3967469412467,26.47382036378787,93.68501554260956,"Excellent pull shot. Confidence, stance bend provide controlled execution. Weak front foot stance score reduce shot effectiveness. Improving hit quality will add consistency."
cover,71.20301124011999,75.02258282275795,42.2426739667705,18.81356605730717,18.729624643428245,83.18102899667937,43.10689620659489,"Good cover shot. Bat angle provide controlled execution. Weak face stability, shot accuracy reduce shot effectiveness. Improving stance bend will add consistency."
flick,81.9024375064242,56.67584290446932,61.63796768706036,21.671802282428366,75.69334516904537,38.17294712603785,91.68974132513316,Poor flick shot. Weak face stability reduce shot effectiveness. Improving front foot stance score will add consistency.
pull,37.52519006977392,72.95086509529345,56.44511998255793,45.31882587983701,61.10380490001175,18.003486662265033,15.287257525674336,"Poor pull shot. Weak confidence, front foot stance score reduce shot effectiveness. Improving face stability will add consistency."
cut,31.01453242908129,60.27556417761026,26.860259112486307,87.37212130025054,29.99389289834735,55.43969828158293,62.17723460461191,"Poor cut shot. Weak confidence, hit quality reduce shot effectiveness. Improving stance bend will add consistency."
cover,65.46103929805517,58.70635435941698,47.490247006049216,64.83707018418333,18.098582963276723,3.727097517049849,50.00346584212778,Poor cover shot. Improving stance bend will add consistency.
pull,88.39412423625268,81.14530943662793,87.32347555525382,51.97866185695654,92.98738935913823,37.008150885140864,73.01051725514378,"Excellent pull shot. Confidence, stance bend provide controlled execution. Weak front foot stance score reduce shot effectiveness."
flick,0.3211157518550167,20.85557600349356,90.8493022570106,79.56997700186331,59.49847439781365,91.0581823464623,72.66028716853103,"Excellent flick shot. Hit quality, face stability provide controlled execution. Weak bat angle reduce shot effectiveness. Improving confidence will add consistency."
sweep,81.31386830373573,57.02802785324224,61.78385315951736,11.401428696887647,8.22160649482252,4.61948968462994,19.559248898470194,Poor sweep shot. Weak stance bend reduce shot effectiveness. Improving face stability will add consistency.
flick,89.38572908742215,40.22754388095733,16.31669290681187,73.78407875563468,37.84217665810016,34.537303593915205,88.34354062737019,"Good flick shot. Face stability provide controlled execution. Weak bat angle, hit quality reduce shot effectiveness. Improving stance bend will add consistency."
cover,74.52092941262899,51.52090360339066,85.41280487277014,61.51788433299332,71.18280153783779,73.69845790165353,62.183142726388056,Poor cover shot.
sweep,22.6543646172519,96.91377821554036,95.56820479176366,56.53520072435171,96.31553608411208,88.04643733698407,73.81014141894428,"Excellent sweep shot. Bat angle, hit quality, stance bend provide controlled execution. Improving confidence will add consistency."
sweep,33.906065365443936,65.00607166396199,77.00415132552462,36.164399730267085,28.28065417734963,77.97798658709053,42.90994468002452,"Good sweep shot. Bat angle, hit quality provide controlled execution. Weak stance bend reduce shot effectiveness. Improving face stability will add consistency."
flick,32.59728001406344,0.3901852613009238,66.56367130782562,63.281562438545954,17.599900048455975,50.49216333949322,15.67036072643062,Poor flick shot. Weak bat angle reduce shot effectiveness. Improving stance bend will add consistency.
sweep,57.22079222977481,53.05671062118111,50.75177869848342,71.03895772224973,18.299851552610825,78.44697318934132,16.31842974312714,Poor sweep shot. Weak stance bend reduce shot effectiveness.
cover,78.87857903455992,41.74705262806382,67.24767880774392,64.01368080603275,54.121535533206014,70.27566675941748,63.52612108558434,Poor cover shot. Weak bat angle reduce shot effectiveness.
cover,13.582050777223252,69.05420470834684,98.86780387591932,80.48719320440914,48.40297687942504,94.33234248221484,53.1113449589212,"Good cover shot. Bat angle, face stability, shot accuracy provide controlled execution. Improving stance bend will add consistency."
cut,97.73884064894207,24.3110928432964,64.04276459995127,67.8304960179961,98.30737590556588,67.43179829087086,85.77825634399181,"Good cut shot. Confidence, hit quality provide controlled execution. Weak bat angle reduce shot effectiveness."
cut,36.762376839704,95.73839807354278,77.36608394461459,78.72421091581813,70.91277399621065,37.86893979470744,49.12417977747671,"Excellent cut shot. Bat angle, hit quality provide controlled execution. Weak confidence reduce shot effectiveness. Improving front foot stance score will add consistency."
pull,50.98091834018362,43.5153672136086,48.70860601571218,12.80907926371444,41.9154009889107,57.75476511365507,93.51681724523932,Poor pull shot. Weak stance bend reduce shot effectiveness. Improving bat angle will add consistency.
cut,97.72381789776908,9.873031320746753,4.21321004812516,68.12678469992478,35.638111383637984,34.7059647904936,70.66203700456299,"Good cut shot. Confidence provide controlled execution. Weak bat angle, hit quality reduce shot effectiveness. Improving stance bend will add consistency."
cover,80.96458691529169,93.48859035458268,15.021183897411008,73.59778903562535,68.15017853369164,75.73756672102073,70.57673815396916,"Excellent cover shot. Bat angle, face stability, shot accuracy provide controlled execution. Improving hit quality will add consistency."
cut,53.34153201573181,37.543351119745424,24.37698034192317,74.87322939578947,68.8029621960849,34.53224359796076,19.318933285621696,"Poor cut shot. Weak bat angle, hit quality reduce shot effectiveness. Improving front foot stance score will add consistency."
cut,50.15987151729344,77.3735751042228,52.32286199601182,21.211460859411368,7.76404677425414,32.48382698564113,64.99293233765091,"Good cut shot. Confidence, bat angle, hit quality provide controlled execution. Improving stance bend will add consistency."
cut,75.37464559180522,89.65485748301644,15.14268498959771,65.92040903097399,91.66786682994947,15.055922871755524,80.98781573103231,"Excellent cut shot. Confidence, bat angle provide controlled execution. Weak hit quality reduce shot effectiveness. Improving front foot stance score will add consistency."
pull,50.69412746217833,79.85899974944022,63.50539820178791,44.21392331399117,89.04519984167834,88.64594309738678,84.19874158645786,"Excellent pull shot. Confidence, stance bend, front foot stance score provide controlled execution. Improving face stability will add consistency."
sweep,67.3037274222285,11.83788367777937,94.8718591877956,82.017183814173,72.67980215874574,99.54243973213048,46.67315361449458,"Excellent sweep shot. Hit quality, stance bend provide controlled execution. Weak bat angle reduce shot effectiveness."
cut,87.84210015540958,7.555348927786742,55.22820586538101,46.1411341213971,66.4892973495069,78.43889490165704,37.43323341235265,"Good cut shot. Confidence, hit quality provide controlled execution. Weak bat angle reduce shot effectiveness. Improving face stability will add consistency."
flick,90.81278628668626,61.28682700559023,41.45511138062674,61.48632111678142,84.56348709594327,55.965498665253065,30.545679766860857,Poor flick shot. Weak hit quality reduce shot effectiveness.
cut,16.263510062156872,66.32142959692732,71.38483395611844,80.86153035919413,88.36561434481648,90.72822809893836,0.6767712060587017,"Good cut shot. Bat angle, hit quality provide controlled execution. Weak confidence reduce shot effectiveness."
cover,69.62359987499704,6.262119355996198,22.159465613512783,41.34375137622768,3.656499858112716,49.23334871467729,65.64987939043904,"Poor cover shot. Weak bat angle, face stability reduce shot effectiveness. Improving stance bend will add consistency."
pull,28.045600967809847,39.05602187342445,57.24942713238086,43.55010916138079,73.15108738087463,81.54805558043195,85.16194122964933,"Excellent pull shot. Stance bend, front foot stance score provide controlled execution. Weak confidence reduce shot effectiveness. Improving bat angle will add consistency."
sweep,73.9779453599529,72.31852485771087,15.526793928502835,49.07975388089319,98.1750097628382,37.429362303160055,49.13299309120735,"Excellent sweep shot. Bat angle, stance bend provide controlled execution. Weak hit quality reduce shot effectiveness. Improving face stability will add consistency."
pull,41.664557601148246,97.566154159396,18.04934612065311,78.12184373212713,14.01983281195811,3.384344277174023,19.52009314778748,"Poor pull shot. Weak confidence, stance bend, front foot stance score reduce shot effectiveness. Improving hit quality will add consistency."
sweep,45.883293951593096,99.51726601560918,38.683969095869145,86.46674500112196,66.12037633999181,22.410752758231368,34.70543152829575,"Good sweep shot. Bat angle, stance bend provide controlled execution. Weak hit quality reduce shot effectiveness. Improving front foot stance score will add consistency."
flick,72.68270693325705,13.994875769459824,79.57481578221226,46.60332850596398,57.05804074215879,31.42635616213345,38.17156299327162,"Good flick shot. Hit quality provide controlled execution. Weak bat angle, face stability reduce shot effectiveness. Improving front foot stance score will add consistency."
sweep,3.233059003450056,63.44104394909047,5.494311608513147,80.54465313356698,35.17180608640431,33.16691655316218,62.27152793695658,"Poor sweep shot. Weak hit quality, stance bend reduce shot effectiveness. Improving front foot stance score will add consistency."
cover,99.038594456569,70.25317960381811,37.47202709747781,94.52172530410202,97.2980777621578,35.4477022272285,19.38161289913166,"Excellent cover shot. Bat angle, face stability provide controlled execution. Weak shot accuracy reduce shot effectiveness. Improving front foot stance score will add consistency."
sweep,57.18685107387319,65.68364966365013,41.37764962728193,57.268420999270994,11.977365138734564,92.35339862941842,57.631693247940085,"Poor sweep shot. Weak hit quality, stance bend reduce shot effectiveness."
flick,66.81630132421809,67.45317754662858,5.069102007276516,14.422905070979477,82.02835267579357,52.56619209328544,6.661410112932575,"Poor flick shot. Weak hit quality, face stability reduce shot effectiveness."
cut,24.54296891808013,47.386327221168045,95.62525602949532,2.801704713162656,30.705605759166644,93.61534797085638,36.40417528722224,"Good cut shot. Hit quality provide controlled execution. Weak confidence, bat angle reduce shot effectiveness. Improving stance bend will add consistency."
flick,39.48971492415579,55.89797215488094,44.98478236052505,50.38838279250648,61.22222257865574,66.19778789136429,52.38384003580505,Poor flick shot. Weak hit quality reduce shot effectiveness. Improving confidence will add consistency.
pull,68.86704093736282,97.5099249224456,73.5023056249419,48.45979144553111,46.225319055783785,87.15265435270648,24.520469711047323,"Good pull shot. Confidence, front foot stance score provide controlled execution. Weak stance bend reduce shot effectiveness. Improving face stability will add consistency."
cut,6.22175980242603,58.00995033982157,31.46578404811805,49.26730324849633,51.47522432204362,81.42971108263534,59.01236992436485,"Poor cut shot. Weak confidence, hit quality reduce shot effectiveness. Improving face stability will add consistency."
sweep,0.7459078210537373,16.038003258097945,2.6957231876637238,40.14669228340663,93.14912865594108,83.82037224910628,39.97044808434242,"Good sweep shot. Stance bend provide controlled execution. Weak bat angle, hit quality reduce shot effectiveness. Improving face stability will add consistency."
sweep,15.73074598857087,52.476632569942,58.386902271421626,76.26988408134574,59.009256619369296,61.38038578203792,10.702987839629795,Poor sweep shot. Improving confidence will add consistency.
pull,71.993772713451,6.731350120742896,69.70164726689664,44.11893740996889,77.96775505779556,13.342509492853194,66.39420937643064,"Excellent pull shot. Confidence, stance bend provide controlled execution. Weak front foot stance score reduce shot effectiveness. Improving bat angle will add consistency."
pull,50.89039071674664,73.6426107017525,70.04974649939072,44.57213457255859,72.61798492235113,50.07876932056625,47.92505454810101,"Good pull shot. Confidence, stance bend, front foot stance score provide controlled execution. Improving face stability will add consistency."
pull,62.1095984173778,21.79149759028194,95.67880759095434,86.63229339435946,16.872407685566692,15.465710634328156,75.19453098815127,"Poor pull shot. Weak stance bend, front foot stance score reduce shot effectiveness. Improving bat angle will add consistency."
cut,70.72680441668861,82.78155702034479,4.10891811157671,4.631589682317472,97.18286083004824,10.407652921427736,92.1429372576888,"Excellent cut shot. Confidence, bat angle provide controlled execution. Weak hit quality reduce shot effectiveness. Improving face stability will add consistency."
cut,5.681206096934799,79.93615013496705,94.1381116362282,73.9882768957108,92.99542593981464,78.9538378913135,83.05731617940856,"Excellent cut shot. Bat angle, hit quality provide controlled execution. Weak confidence reduce shot effectiveness."
sweep,96.16126015378724,59.12284081766565,27.039309273783356,31.822643708875965,82.85668745013388,45.39208807999815,83.84318202667167,"Good sweep shot. Bat angle, stance bend provide controlled execution. Weak hit quality reduce shot effectiveness. Improving face stability will add consistency."
pull,61.120274209917326,85.22545763191465,72.11159199072053,70.07594854381104,79.6094183171144,88.59289450493947,20.229751061077817,"Excellent pull shot. Confidence, stance bend, front foot stance score provide controlled execution."
sweep,71.62080388750222,27.72801298334869,34.08802606117762,94.68961065550688,69.91148802010166,67.69940226301036,23.31667018706527,"Poor sweep shot. Weak bat angle, hit quality reduce shot effectiveness."
pull,57.78013047887646,68.37939598083639,84.00660615382387,35.44163299259363,28.744846783203737,16.096498201050068,95.8333717676944,"Poor pull shot. Weak stance bend, front foot stance score reduce shot effectiveness. Improving face stability will add consistency."
pull,55.34056762650658,67.79353404531474,69.80055575443082,83.73389700328569,59.562391542721606,74.7339491087961,34.433409075894694,"Good pull shot. Confidence, stance bend, front foot stance score provide controlled execution."
pull,77.94098798837675,65.65357851699379,6.676918726007686,80.6982128040425,62.432386646505165,28.5893385287494,31.701937874333357,"Good pull shot. Confidence, stance bend provide controlled execution. Weak front foot stance score reduce shot effectiveness. Improving hit quality will add consistency."
sweep,62.410268000438094,23.171196530338754,73.25546304725961,79.1078344737076,33.242991732039314,12.82945039973068,93.2970845744289,"Good sweep shot. Hit quality provide controlled execution. Weak bat angle, stance bend reduce shot effectiveness. Improving front foot stance score will add consistency."
cut,87.56525846728502,43.52444994531231,63.55851693794491,90.9593448644974,7.995412090336485,29.12686852451697,7.248465598246856,"Good cut shot. Confidence, hit quality provide controlled execution. Weak bat angle reduce shot effectiveness. Improving stance bend will add consistency."
cut,1.2124251803038777,11.553811897018385,51.95262687131442,51.60889795401194,73.29380803883672,31.39273790919293,34.389630723492736,"Poor cut shot. Weak confidence, bat angle reduce shot effectiveness. Improving front foot stance score will add consistency."
cover,95.73101450255308,90.63484080346534,53.66944547074849,1.966575425755768,46.15300856532216,67.1380896260622,60.03938566731373,"Good cover shot. Bat angle, shot accuracy provide controlled execution. Weak face stability reduce shot effectiveness. Improving stance bend will add consistency."
flick,16.978256147963766,2.9910133872767086,77.55631726908526,73.95504645119541,66.45101200615713,15.651461641942898,4.463444621471135,"Excellent flick shot. Hit quality, face stability provide controlled execution. Weak bat angle reduce shot effectiveness. Improving front foot stance score will add consistency."
cover,90.75907413639652,86.21964696471626,48.00551927365427,86.6446658691471,69.90658029586818,89.0723576277124,46.99611621321373,"Excellent cover shot. Bat angle, face stability provide controlled execution. Weak shot accuracy reduce shot effectiveness. Improving hit quality will add consistency."
sweep,13.510836105498292,50.58662685525186,0.7628378584621176,3.890469388679041,56.65593181562964,88.893506668735,33.530250552458426,Poor sweep shot. Weak hit quality reduce shot effectiveness. Improving face stability will add consistency.
cover,18.439277659326724,40.77301620523187,97.62630054095554,70.7993585613191,72.51118738289945,65.96599773030088,63.18756520960027,"Good cover shot. Face stability, shot accuracy provide controlled execution. Weak bat angle reduce shot effectiveness."
pull,34.69590411175554,71.34576684474362,18.10503972730314,53.02009463804897,95.04593042626512,27.880826709132226,79.76044533730001,"Good pull shot. Stance bend provide controlled execution. Weak confidence, front foot stance score reduce shot effectiveness. Improving hit quality will add consistency."
cover,85.31782949915706,71.60058866328016,59.163924691961455,46.178326528360536,84.88507813927147,75.71175667114639,32.32607402295451,"Good cover shot. Bat angle provide controlled execution. Weak face stability, shot accuracy reduce shot effectiveness."
cover,93.5304605201609,81.83088191532715,91.61082680860883,94.88150595847873,97.60359991052084,90.1118945347734,17.54644136053586,"Excellent cover shot. Bat angle, face stability provide controlled execution. Weak shot accuracy reduce shot effectiveness."
flick,85.91716234117183,85.01997642955223,39.0680698433985,97.17853689077936,45.11746769064406,57.18505652284185,27.16845808811319,"Excellent flick shot. Bat angle, face stability provide controlled execution. Weak hit quality reduce shot effectiveness. Improving stance bend will add consistency."
pull,58.532728750653554,68.56322818636437,28.82628820904817,19.337866064965027,82.68519131972178,65.38285202171839,66.68771549613459,"Good pull shot. Confidence, stance bend, front foot stance score provide controlled execution. Improving hit quality will add consistency."
cut,88.89767360656842,61.7632590312693,32.55151132228365,76.3931631747249,66.94801921371423,71.11472028843951,8.325805018689557,"Good cut shot. Confidence, bat angle provide controlled execution. Weak hit quality reduce shot effectiveness."
pull,36.90426335539134,40.61400090114528,24.112519763228967,79.24801596262778,11.886965556244744,54.54792502941367,1.093994102857354,"Poor pull shot. Weak confidence, stance bend reduce shot effectiveness. Improving bat angle will add consistency."
sweep,80.91357139329315,34.49394832025777,31.115715879193385,62.78147375021883,76.22273472893052,82.56705663305522,47.36744742718663,"Good sweep shot. Stance bend provide controlled execution. Weak bat angle, hit quality reduce shot effectiveness."
sweep,23.52593023537667,4.119728039680792,55.71227149598973,91.4454173231848,96.59021604929892,69.72718982214141,72.0243173637289,"Good sweep shot. Hit quality, stance bend provide controlled execution. Weak bat angle reduce shot effectiveness. Improving confidence will add consistency."
flick,18.5330809713936,5.522107691982425,51.75003140114202,78.373725601905,68.56939111842063,31.13953972063048,65.97614379996284,"Good flick shot. Hit quality, face stability provide controlled execution. Weak bat angle reduce shot effectiveness. Improving front foot stance score will add consistency."
flick,0.2944369573209204,99.88050245733874,21.429127094808187,78.28211983178967,52.80864644169591,44.27018565361085,9.959837261464877,"Excellent flick shot. Bat angle, face stability provide controlled execution. Weak hit quality reduce shot effectiveness. Improving front foot stance score will add consistency."
flick,20.097139534773145,45.02307387703527,69.96573772387347,6.039712153017129,53.98333877868474,71.2353047796698,2.2433815117535616,"Poor flick shot. Weak bat angle, face stability reduce shot effectiveness. Improving confidence will add consistency."
pull,19.641596303361176,86.37201292959796,86.32034045101487,7.240881257294129,95.33732879585234,45.68203888409504,34.05909925433789,"Good pull shot. Stance bend provide controlled execution. Weak confidence, front foot stance score reduce shot effectiveness. Improving face stability will add consistency."
cut,1.5350417918363224,53.98412222484399,19.74114681206722,89.36108655990732,77.06081603498359,63.08050885404558,28.62244240705959,"Poor cut shot. Weak confidence, hit quality reduce shot effectiveness."
cover,5.58565854746742,5.912135419294784,14.94052480727538,25.790788161960453,77.67471990190639,37.377093749353016,63.92556403410683,"Poor cover shot. Weak bat angle, face stability reduce shot effectiveness. Improving front foot stance score will add consistency."
cover,59.16453606066735,99.97238198656164,71.06851900132415,25.053598067958347,59.68967219895463,92.3088180554245,59.2113685010556,"Good cover shot. Bat angle, shot accuracy provide controlled execution. Weak face stability reduce shot effectiveness."
pull,98.19104549013252,80.33409671810001,81.21024055445403,58.14936044764371,20.28729408996708,57.313641355308455,43.872935359089006,"Good pull shot. Confidence, front foot stance score provide controlled execution. Weak stance bend reduce shot effectiveness."
cut,77.67576687381708,11.92925470809042,93.28327590091304,68.92655641598773,71.08938384936684,81.956169570965,90.22125791582236,"Excellent cut shot. Confidence, hit quality provide controlled execution. Weak bat angle reduce shot effectiveness."
flick,18.97180439611804,62.768673444739065,94.99553670231263,64.74428111975315,74.47907018907884,33.64037761375299,2.01215590089292,"Good flick shot. Bat angle, hit quality, face stability provide controlled execution. Improving front foot stance score will add consistency."
sweep,81.4466830000956,20.49488554883432,65.69334314541027,96.97323960767577,15.21283185895478,79.24230495524918,34.18905829601386,"Poor sweep shot. Weak bat angle, stance bend reduce shot effectiveness."
cover,93.27868840637856,63.86214676000797,84.30556088279346,94.5663404408016,91.53179908212506,10.165745015297434,64.98656841065554,"Good cover shot. Bat angle, face stability, shot accuracy provide controlled execution. Improving front foot stance score will add consistency."
sweep,14.060721013313293,62.44401318456938,7.155396259485746,97.56819994740788,86.08099466668669,82.31858194541208,83.9951327393503,"Good sweep shot. Bat angle, stance bend provide controlled execution. Weak hit quality reduce shot effectiveness. Improving confidence will add consistency."
cut,3.4031837986508107,84.75546129342358,57.695008714962185,47.98544674685746,76.13375938762383,2.8496261708768067,37.26833435746087,"Good cut shot. Bat angle, hit quality provide controlled execution. Weak confidence reduce shot effectiveness. Improving face stability will add consistency."
sweep,24.47406659408863,5.637482374804481,96.03742610056696,31.521085909990944,86.66290735379864,22.58386643037148,26.204349878373545,"Excellent sweep shot. Hit quality, stance bend provide controlled execution. Weak bat angle reduce shot effectiveness. Improving face stability will add consistency."
cover,2.139961946923419,59.631687947183885,54.26452722797155,69.64696742645849,9.444479976613962,1.0978129240844292,3.7927901094460426,Poor cover shot. Weak shot accuracy reduce shot effectiveness. Improving stance bend will add consistency.
cover,17.047385079748256,21.25412517673624,95.78204920233534,52.22955237682346,56.16945358057927,62.675473508226375,1.35454437393433,"Poor cover shot. Weak bat angle, shot accuracy reduce shot effectiveness."
cut,69.18624902513314,46.39991340810043,61.92111303715466,25.415150365204436,55.88026065297733,28.48624701466596,1.9515557300637143,Poor cut shot. Weak bat angle reduce shot effectiveness. Improving face stability will add consistency.
sweep,37.51854154564423,33.53957041204077,93.57350478690267,77.96754455006356,52.40037725098854,31.105373918087377,81.90755432257613,"Good sweep shot. Hit quality, stance bend provide controlled execution. Weak bat angle reduce shot effectiveness. Improving front foot stance score will add consistency."
cut,97.54445651139255,17.071976260790876,74.69821579684009,47.448791244006784,57.02882027046143,26.003873076297943,89.25395318681964,"Excellent cut shot. Confidence, hit quality provide controlled execution. Weak bat angle reduce shot effectiveness. Improving face stability will add consistency."
sweep,78.3101856197262,51.65934891377194,66.687664538778,77.69252338019696,84.0970887469526,92.33115093873656,5.274854614064372,"Good sweep shot. Bat angle, hit quality, stance bend provide controlled execution."
cover,73.10513398963774,75.1338167292845,57.52728699676134,75.16635739373197,95.1960102177753,76.51809996495072,81.80258633718694,"Excellent cover shot. Bat angle, face stability, shot accuracy provide controlled execution."
flick,26.03102558964241,20.267078931235773,67.17830396752281,14.707875148143302,64.16379933352881,6.234664357639264,77.67204766661854,"Poor flick shot. Weak bat angle, face stability reduce shot effectiveness. Improving front foot stance score will add consistency."
pull,7.732326527400913,81.38961587532695,54.33065730979539,23.892053947784408,63.59993381212221,65.88258367236722,28.254649999733623,Poor pull shot. Weak confidence reduce shot effectiveness. Improving face stability will add consistency.
cut,92.28653572207337,78.05476550507849,56.1375172232877,93.43177447292578,69.06057185607591,96.37545390842028,14.962773845867815,"Excellent cut shot. Confidence, bat angle, hit quality provide controlled execution."
cut,24.89845616938464,49.92712337777137,98.47233047471876,77.74419398289805,66.32201494781647,78.74914063383788,79.6322785201543,"Good cut shot. Hit quality provide controlled execution. Weak confidence, bat angle reduce shot effectiveness."
flick,56.50436995044238,44.64245371098127,60.33018486975248,88.31154030646783,81.26127118774549,76.55045023099977,17.06691130801473,"Good flick shot. Hit quality, face stability provide controlled execution. Weak bat angle reduce shot effectiveness."
pull,48.44607892621342,89.82648861689339,96.09191155748508,98.07337721394364,88.12249091484891,30.53607690883242,19.096437525793853,"Good pull shot. Stance bend provide controlled execution. Weak confidence, front foot stance score reduce shot effectiveness."
sweep,7.497359612724852,28.58846278704977,31.55584984561598,99.73018274520904,74.40265618041208,53.65541704208866,43.42002668147139,"Good sweep shot. Stance bend provide controlled execution. Weak bat angle, hit quality reduce shot effectiveness. Improving confidence will add consistency."
cover,70.97008222424907,51.90436407728488,30.39462309280432,45.56798372210841,39.00775514206158,6.39777222320178,61.15816041293661,Poor cover shot. Weak face stability reduce shot effectiveness. Improving stance bend will add consistency.
pull,4.763793463385246,85.74345975651993,53.4263576953103,32.70711116399906,65.71172486690898,98.16779672005728,27.04210740301693,"Good pull shot. Stance bend, front foot stance score provide controlled execution. Weak confidence reduce shot effectiveness. Improving face stability will add consistency."
pull,56.6522739952815,83.7554756059109,69.65965673433303,40.32480181672416,17.168305987601727,68.19254421223125,4.278179867969367,Poor pull shot. Weak stance bend reduce shot effectiveness. Improving face stability will add consistency.
cover,37.086854052161335,67.25748375566225,29.01891142071024,14.149482581659957,78.525268161445,75.26832566814056,11.569370580292382,"Poor cover shot. Weak face stability, shot accuracy reduce shot effectiveness. Improving hit quality will add consistency."
sweep,1.821610833567877,66.6517085754893,0.1455940335942984,73.78937420487247,10.535893577341648,89.05192258353868,53.016677484450334,"Poor sweep shot. Weak hit quality, stance bend reduce shot effectiveness. Improving confidence will add consistency."
flick,66.96764027932215,60.178647273859134,44.97688990228729,62.75091136869355,51.49474046741832,17.27179324908077,60.14174175658231,Poor flick shot. Weak hit quality reduce shot effectiveness. Improving front foot stance score will add consistency.
sweep,21.779539783005365,41.42316932883142,31.57209760285259,74.61121080919348,60.46308261823137,79.69423962566921,50.9661921815718,"Poor sweep shot. Weak bat angle, hit quality reduce shot effectiveness. Improving confidence will add consistency."
cover,16.511701973547655,98.003526688563,3.298291001502829,26.893038331497,52.69647182966494,52.56440802417283,94.37177460795056,"Excellent cover shot. Bat angle, shot accuracy provide controlled execution. Weak face stability reduce shot effectiveness. Improving hit quality will add consistency."
cover,22.44169415345243,55.82880136388081,24.20316419411921,23.462259456128464,82.39212052104577,81.08373030751389,77.97437377008471,"Good cover shot. Bat angle, shot accuracy provide controlled execution. Weak face stability reduce shot effectiveness. Improving hit quality will add consistency."
pull,41.74309787647861,51.58401690736366,91.03698530934562,54.11545567687664,60.186242980976616,49.46334489205329,52.850346596599,"Poor pull shot. Weak confidence, front foot stance score reduce shot effectiveness."
sweep,93.8993110260662,17.90581381247658,90.74474800664665,63.257561541647725,49.61768489895655,90.87439749567096,34.505176269290686,"Good sweep shot. Hit quality provide controlled execution. Weak bat angle, stance bend reduce shot effectiveness."
pull,3.544494693048905,87.23054678676215,93.56609603899754,38.77417948323701,27.184950215615512,69.5526694398954,69.2148548905994,"Poor pull shot. Weak confidence, stance bend reduce shot effectiveness. Improving face stability will add consistency."
flick,47.76254923902932,63.9165770497146,64.43742969662901,7.78853556533039,80.38616118971953,89.1162682851438,55.679739487590176,Poor flick shot. Weak face stability reduce shot effectiveness. Improving confidence will add consistency.
cut,50.95381052369626,77.70192005684761,8.22902483273248,3.682812621592857,81.86784750665429,57.6904473751392,84.28376828484471,"Good cut shot. Confidence, bat angle provide controlled execution. Weak hit quality reduce shot effectiveness. Improving face stability will add consistency."
cut,90.97622600013622,95.27741079332858,50.99171804196373,97.71675593167484,93.94569886053569,5.970558366598089,81.85346260752733,"Excellent cut shot. Confidence, bat angle, hit quality provide controlled execution. Improving front foot stance score will add consistency."
cut,61.74599867636433,68.37921142289754,0.4016141137121121,42.81608499016107,44.51285482781047,35.21117842953183,37.692259459370725,Poor cut shot. Weak hit quality reduce shot effectiveness. Improving stance bend will add consistency.
pull,9.83810970814698,80.12638685309761,6.658065486719645,72.92106124161461,98.59260650609944,53.32968534134047,75.76183571659895,"Good pull shot. Stance bend, front foot stance score provide controlled execution. Weak confidence reduce shot effectiveness. Improving hit quality will add consistency."
cut,69.65942644274662,12.6289973460187,64.97132895621102,40.98059432228081,49.9925203333204,63.42438808393365,90.0388572756775,Poor cut shot. Weak bat angle reduce shot effectiveness. Improving stance bend will add consistency.
pull,75.18874513020435,79.88486246760878,67.81306078958855,58.43022117048388,58.87876513539814,13.447180662569613,74.51123173794798,"Good pull shot. Confidence, stance bend provide controlled execution. Weak front foot stance score reduce shot effectiveness."
cover,47.9366135764048,41.66438706653872,42.42385152558236,76.02781610699786,77.65512509221625,73.80735716644489,13.230550092418705,"Good cover shot. Face stability provide controlled execution. Weak bat angle, shot accuracy reduce shot effectiveness. Improving hit quality will add consistency."
cut,57.29563971359518,54.63195399818229,60.325040600845135,67.39642057442092,95.6231238586779,60.17274182543558,3.6739911406437287,Poor cut shot.
cut,24.902015412826863,46.06479460213002,66.6357520505811,54.7443967697188,60.35114112628507,67.22008405786882,91.73980129028354,"Poor cut shot. Weak confidence, bat angle reduce shot effectiveness."
pull,90.30620350490646,82.47273837464229,58.47786484962466,8.93091334076539,84.85101047843216,20.809274941205658,63.05161757880139,"Excellent pull shot. Confidence, stance bend provide controlled execution. Weak front foot stance score reduce shot effectiveness. Improving face stability will add consistency."
sweep,66.50824730026248,80.09611575318296,8.194936678207277,51.82468400643737,48.85199295142415,65.80715455562313,89.09853704033014,"Good sweep shot. Bat angle provide controlled execution. Weak hit quality, stance bend reduce shot effectiveness."
sweep,39.37607884565646,42.11659950661133,98.91921965980856,60.16764577727973,37.09094696646065,52.45674622972155,46.25312865872977,"Good sweep shot. Hit quality provide controlled execution. Weak bat angle, stance bend reduce shot effectiveness. Improving confidence will add consistency."
flick,31.25237976425117,60.930441765284215,60.47455965723258,5.468182941611987,30.486883356081982,55.785407760326365,33.43258923398397,Poor flick shot. Weak face stability reduce shot effectiveness. Improving stance bend will add consistency.
pull,11.72700878950429,74.35440618190277,32.49705758495431,28.12916043262644,47.14843599509807,52.66855755268314,92.84665826165072,"Poor pull shot. Weak confidence, stance bend reduce shot effectiveness. Improving hit quality will add consistency."
pull,96.8263599583096,19.10103501911528,9.607150685613597,22.0023226492728,25.116122535482177,53.74408207043872,2.2595733718440147,"Good pull shot. Confidence, front foot stance score provide controlled execution. Weak stance bend reduce shot effectiveness. Improving bat angle will add consistency."
sweep,22.78782940395264,73.33900281170268,46.26548102091774,51.051676986233765,46.489283577900544,73.18959689113758,19.75988062117601,"Good sweep shot. Bat angle provide controlled execution. Weak hit quality, stance bend reduce shot effectiveness. Improving confidence will add consistency."
cut,57.33950740982997,50.82866612478287,59.73319873136143,58.50930512010677,9.279292032951869,45.01885026974652,53.95402610739324,Poor cut shot. Improving stance bend will add consistency.
cut,51.874885441964565,51.90030533707638,90.18286439882736,87.36767652925676,88.5582593717165,18.740013496845187,53.55802724003973,"Good cut shot. Confidence, bat angle, hit quality provide controlled execution. Improving front foot stance score will add consistency."
pull,90.23239957440896,90.57650642328406,82.12930519798414,46.27749879729707,20.419582819256497,75.74805255395243,28.944911775432903,"Excellent pull shot. Confidence, front foot stance score provide controlled execution. Weak stance bend reduce shot effectiveness. Improving face stability will add consistency."
pull,53.044408111119466,99.21522603510051,65.60115549500603,12.44248028785705,78.86440443836084,9.900662598567587,31.549854462069792,"Good pull shot. Confidence, stance bend provide controlled execution. Weak front foot stance score reduce shot effectiveness. Improving face stability will add consistency."
cover,97.08605124305234,88.06047617150718,69.97589471413606,43.55330199982932,89.78929984729426,61.03015128280583,85.83117062487466,"Excellent cover shot. Bat angle, shot accuracy provide controlled execution. Weak face stability reduce shot effectiveness."
sweep,18.797181610046167,34.683389588086534,75.19720182379017,54.78622430591079,79.50989377518344,5.283545264771206,13.18949147251488,"Excellent sweep shot. Hit quality, stance bend provide controlled execution. Weak bat angle reduce shot effectiveness. Improving front foot stance score will add consistency."
cover,90.70567633552533,62.28041652980132,89.58450692824802,32.50072778726454,92.96947543266762,18.131413624444413,67.29479841562585,Poor cover shot. Weak face stability reduce shot effectiveness. Improving front foot stance score will add consistency.
pull,38.197945846400906,64.96427867681969,72.79400275118977,31.062809959338857,37.82713521635681,43.35033065129976,12.589373154897745,"Poor pull shot. Weak confidence, stance bend, front foot stance score reduce shot effectiveness. Improving face stability will add consistency."
flick,88.8187180285328,33.20403945534475,22.299274518665847,8.94997034877587,99.06322948153942,50.139842648121146,43.26338751393287,"Poor flick shot. Weak bat angle, hit quality, face stability reduce shot effectiveness."
cut,64.85734448946143,58.51862321534647,7.798103589416905,64.66318197672767,76.793025095322,94.15606100256284,19.35629686162379,Poor cut shot. Weak hit quality reduce shot effectiveness.
pull,92.15131931276306,70.16587201168781,89.14049698851602,5.402958673737102,12.605088141004671,10.579900438847446,43.14897599419242,"Good pull shot. Confidence provide controlled execution. Weak stance bend, front foot stance score reduce shot effectiveness. Improving face stability will add consistency."
sweep,73.18448490497164,27.240108363357606,64.37604691971885,95.86376276718347,33.01888168521234,49.74831968793549,43.01747920996769,"Poor sweep shot. Weak bat angle, stance bend reduce shot effectiveness. Improving front foot stance score will add consistency."
pull,2.0788325323939816,84.65494039508067,34.6589101130572,62.16503664965147,38.90528269434868,90.74484580447292,21.975585122106036,"Good pull shot. Front foot stance score provide controlled execution. Weak confidence, stance bend reduce shot effectiveness. Improving hit quality will add consistency."
cut,0.7053968287092371,54.37992123012737,25.66139452490252,90.03559731982001,73.66963642157192,33.958499849505685,75.9706603542254,"Poor cut shot. Weak confidence, hit quality reduce shot effectiveness. Improving front foot stance score will add consistency."
flick,20.25123856001635,68.67627886680864,35.70013113302366,73.66727407676915,91.16845002186274,66.24479236083488,27.52282945373,"Good flick shot. Bat angle, face stability provide controlled execution. Weak hit quality reduce shot effectiveness. Improving confidence will add consistency."
flick,82.07602140128928,43.0221932051971,87.11840988184233,17.32334186207607,99.96357263199914,98.92163152096724,78.30375294726387,"Good flick shot. Hit quality provide controlled execution. Weak bat angle, face stability reduce shot effectiveness."
cut,28.57090787689095,86.83227779152585,35.899484750765964,73.14745574907502,98.0011781047154,76.23866813008888,23.50746481072801,"Good cut shot. Bat angle provide controlled execution. Weak confidence, hit quality reduce shot effectiveness."
cover,97.31517521559056,57.07911955932785,67.21521242471673,15.82978147178352,54.39983256645283,44.64128437493002,88.94533546031391,"Good cover shot. Bat angle, shot accuracy provide controlled execution. Weak face stability reduce shot effectiveness. Improving front foot stance score will add consistency."
cover,71.30096842863031,94.67823366882892,41.28398937146432,26.55722914937756,50.51151252598607,98.38726538195928,33.802714473805985,"Good cover shot. Bat angle provide controlled execution. Weak face stability, shot accuracy reduce shot effectiveness. Improving hit quality will add consistency."
flick,67.04292070234679,91.97846849360386,17.30420435090032,96.23538555129376,81.68066307694423,74.11963315563607,18.728798124236512,"Excellent flick shot. Bat angle, face stability provide controlled execution. Weak hit quality reduce shot effectiveness."
flick,5.834800711605581,7.662307156232062,63.55846289517611,56.63439345721192,70.74048965062451,86.38865026866411,13.36158298975455,Poor flick shot. Weak bat angle reduce shot effectiveness. Improving confidence will add consistency.
flick,73.97448186038997,73.7405683874486,14.729045789146843,37.2818666025558,55.16820685328804,76.148172178981,64.82842935295685,"Good flick shot. Bat angle provide controlled execution. Weak hit quality, face stability reduce shot effectiveness."
flick,29.15013797844368,80.82279792305224,72.87736006003824,29.291458883663303,70.43183967452296,57.76578131734532,74.14278339817847,"Excellent flick shot. Bat angle, hit quality provide controlled execution. Weak face stability reduce shot effectiveness. Improving confidence will add consistency."
pull,89.99585762956521,57.26465888820147,6.76452872229143,53.097451379337926,3.288600588986601,93.5707166279715,10.945894417860949,"Excellent pull shot. Confidence, front foot stance score provide controlled execution. Weak stance bend reduce shot effectiveness. Improving hit quality will add consistency."
cover,71.83236842866906,58.78269299939449,67.60671222284321,98.84224231713304,61.7030101706368,83.05594019537408,16.046745695170827,"Good cover shot. Bat angle, face stability provide controlled execution. Weak shot accuracy reduce shot effectiveness."
sweep,89.294880937514,58.15019801300372,82.74853242848242,66.2439201156781,38.31655608277708,50.91938964674362,83.6988501093097,"Good sweep shot. Bat angle, hit quality provide controlled execution. Weak stance bend reduce shot effectiveness."
flick,35.125854300684466,28.918586079867403,37.0787975075084,63.896741556358,77.52699088058864,52.95336395718513,99.52800692919942,"Poor flick shot. Weak bat angle, hit quality reduce shot effectiveness. Improving confidence will add consistency."
flick,51.63554997268732,10.41339508442416,34.88525181634652,73.91949972263723,73.86353666778953,16.78668698917809,46.92115046199938,"Good flick shot. Face stability provide controlled execution. Weak bat angle, hit quality reduce shot effectiveness. Improving front foot stance score will add consistency."
cut,4.3900710111891,56.07388663664954,58.91192631351986,55.03406428710239,86.57105003620383,82.23502396473411,83.78529759562431,Poor cut shot. Weak confidence reduce shot effectiveness.
cover,68.70304433775996,16.346125668503365,1.3194379366840314,86.50609909560299,71.10916657610684,55.39403069107799,64.38196675615134,"Good cover shot. Face stability, shot accuracy provide controlled execution. Weak bat angle reduce shot effectiveness. Improving hit quality will add consistency."
cut,92.8353451886792,14.949946456602092,35.033403326894245,91.26505807619728,55.49254468300325,69.50423348814797,95.3075556295958,"Good cut shot. Confidence provide controlled execution. Weak bat angle, hit quality reduce shot effectiveness."
pull,56.56597311371139,8.035119346416408,73.69121570442083,3.609135579709111,54.5039120072696,68.81474082792299,53.73720943317829,Poor pull shot. Improving bat angle will add consistency.
cut,73.18781408160326,62.80182145784855,64.91353017598706,78.00354218605818,79.66702161245571,96.97167338671512,1.478686341077251,"Good cut shot. Confidence, bat angle, hit quality provide controlled execution."
cut,67.81627800868,65.33131886732937,1.8059227327426264,6.84370546839258,52.072921790669135,0.5597630683965127,29.498115614401176,Poor cut shot. Weak hit quality reduce shot effectiveness. Improving face stability will add consistency.
flick,33.02977357429031,81.54327637210838,55.68641793846864,80.15715407633598,79.10476917038764,83.74275945860877,6.426565440585097,"Excellent flick shot. Bat angle, hit quality, face stability provide controlled execution. Improving confidence will add consistency."
sweep,39.40522614045173,34.36256817931077,56.92525018429754,56.61266506719039,21.00906173961025,99.79640003343728,75.66748088316038,"Poor sweep shot. Weak bat angle, stance bend reduce shot effectiveness. Improving confidence will add consistency."
flick,3.895604262897878,90.45024586149108,43.777834108763805,86.40089955463121,53.66537014757067,84.95035479928052,83.20376123753175,"Excellent flick shot. Bat angle, face stability provide controlled execution. Weak hit quality reduce shot effectiveness. Improving confidence will add consistency."
flick,9.33291769737391,46.052616225400186,85.67449749716188,7.653187638637471,63.0555311778455,55.86510203114264,93.10256641269488,"Good flick shot. Hit quality provide controlled execution. Weak bat angle, face stability reduce shot effectiveness. Improving confidence will add consistency."
pull,67.00953322186344,88.63717789593177,12.421832164693624,85.67116650911905,54.53462242776804,59.50149455820436,97.94078382333193,Poor pull shot. Improving hit quality will add consistency.
sweep,17.946120795025344,64.38161473342558,43.633144186689634,99.45043728676256,52.50475523130116,41.2649047791784,60.30461458788511,Poor sweep shot. Weak hit quality reduce shot effectiveness. Improving front foot stance score will add consistency.
sweep,89.3094907138146,82.16395159375858,30.32832000403318,92.19028192269224,63.143784180085525,53.49471383373863,90.02471835593586,"Good sweep shot. Bat angle, stance bend provide controlled execution. Weak hit quality reduce shot effectiveness."
flick,28.70430312454011,68.75154748541084,15.854991658511274,21.351016496208956,76.04980752129005,59.15424262665591,32.7948387622141,"Poor flick shot. Weak hit quality, face stability reduce shot effectiveness. Improving confidence will add consistency."
sweep,77.43603508794921,72.98104996644362,86.75935117510603,84.82175658955381,39.35055152028559,78.89119688713866,50.64541011929588,"Excellent sweep shot. Bat angle, hit quality provide controlled execution. Weak stance bend reduce shot effectiveness."
flick,66.68762873446092,28.182402090936165,61.01914229602799,35.239762694488164,66.65604951855316,51.64125548493767,17.314504396573625,"Poor flick shot. Weak bat angle, face stability reduce shot effectiveness."
cover,50.10243546080794,25.622620128037955,11.525508550385876,20.299885173540623,52.91996519591222,89.16502300198728,52.79557195570634,"Poor cover shot. Weak bat angle, face stability reduce shot effectiveness. Improving hit quality will add consistency."
cut,8.832599581916634,11.20277206673579,60.36991987632653,47.65233731851257,69.2342951851787,63.90201551100196,40.72375859678032,"Poor cut shot. Weak confidence, bat angle reduce shot effectiveness. Improving face stability will add consistency."
flick,93.75355295426162,71.81051692024327,85.46247373441928,48.154204403899584,72.72505026192347,71.95457468251246,99.53030988809708,"Excellent flick shot. Bat angle, hit quality provide controlled execution. Weak face stability reduce shot effectiveness."
cover,72.57170269105279,67.06672913079956,48.0702435076316,61.30710669143359,64.43844110922066,40.03081537971842,54.75814307581562,Poor cover shot. Improving front foot stance score will add consistency.
pull,65.60675298980576,80.50203969522015,94.78000886484614,88.50066369927517,63.45234764096716,0.4918011697994884,42.84652176233487,Poor pull shot. Weak front foot stance score reduce shot effectiveness.
pull,36.4106928507502,56.36918475104304,31.50465107774369,39.83882123588561,68.49575939653528,68.15661375990774,98.6238342612978,Poor pull shot. Weak confidence reduce shot effectiveness. Improving hit quality will add consistency.
sweep,41.293744307385246,64.19523279942042,64.51239243827033,81.44157611056909,29.492540990834605,64.98737296496495,35.04488085855699,Poor sweep shot. Weak stance bend reduce shot effectiveness. Improving confidence will add consistency.
flick,75.87951183250523,3.3129798349184725,49.31489980378757,74.79132134089515,58.458226896264485,54.15676829640943,24.83432629056625,"Good flick shot. Face stability provide controlled execution. Weak bat angle, hit quality reduce shot effectiveness."
pull,58.51085756741129,63.408086561045565,8.36463784627618,90.86668882906729,34.83716912405512,58.97098213805372,55.65243420238944,Poor pull shot. Weak stance bend reduce shot effectiveness. Improving hit quality will add consistency.
flick,37.10110328852843,55.156972321155,68.28197844902425,63.42620709587514,46.05313995670325,89.0603030626993,42.28716033466201,Poor flick shot. Improving stance bend will add consistency.
sweep,96.18254545775434,8.301265632202082,60.84723072641825,28.1612870075824,55.650912157445234,83.66945319169454,13.899869936510544,Poor sweep shot. Weak bat angle reduce shot effectiveness. Improving face stability will add consistency.
pull,74.14143091669106,70.86308613886837,73.13767239607151,58.13524714323967,0.4166017785975584,99.42347035786258,26.682209276224288,"Excellent pull shot. Confidence, front foot stance score provide controlled execution. Weak stance bend reduce shot effectiveness."
cut,63.659347148294046,54.10379888644127,97.24275885615693,44.27483022456303,77.23881294390618,10.84996352280212,49.80200010161235,"Good cut shot. Confidence, bat angle, hit quality provide controlled execution. Improving face stability will add consistency."
sweep,62.17495379859292,54.48655985951135,55.29946647662183,35.495736239215105,51.22979525615988,59.43365492832168,4.58141991083123,Poor sweep shot. Improving face stability will add consistency.
sweep,28.394739487207488,60.96354418739427,53.6751024090118,99.6170334751551,82.35701336998615,89.84576918248789,69.44205975307689,"Good sweep shot. Bat angle, hit quality, stance bend provide controlled execution. Improving confidence will add consistency."
sweep,29.739226399872308,68.61181579496642,56.0840088648451,61.231597104354194,11.78014333277748,39.37663532278562,84.88770306111817,Poor sweep shot. Weak stance bend reduce shot effectiveness. Improving front foot stance score will add consistency.
pull,36.71665639625207,50.46759742994635,77.28139312034841,81.96994133654162,87.20319655371432,93.1536943786957,44.11995059502654,"Excellent pull shot. Stance bend, front foot stance score provide controlled execution. Weak confidence reduce shot effectiveness."
sweep,3.703606059234055,31.376755622997788,65.65678090598425,61.14543267357489,65.28849703921436,29.753693233202483,51.79466662895932,Poor sweep shot. Weak bat angle reduce shot effectiveness. Improving front foot stance score will add consistency.
cut,54.81307633144035,69.37860381556776,61.366684002366,18.47262057008076,62.337679001373736,21.1777565227119,11.973165035673471,Poor cut shot. Improving face stability will add consistency.
cut,51.51780033796335,18.035181228622,35.84650704722877,83.23439462211635,76.30610898137193,85.73265979403824,63.718886127605614,"Poor cut shot. Weak bat angle, hit quality reduce shot effectiveness."
cover,26.28083369058003,30.30031302247892,41.32626335507136,62.42128537439857,69.68795093825642,23.302134411766986,67.38899534891468,Poor cover shot. Weak bat angle reduce shot effectiveness. Improving front foot stance score will add consistency.
cover,92.455729632194,72.56081448794224,73.05584496586742,30.17761320005793,97.80047890132334,5.819010589924789,88.24539066318216,"Excellent cover shot. Bat angle, shot accuracy provide controlled execution. Weak face stability reduce shot effectiveness. Improving front foot stance score will add consistency."
pull,29.275209505354493,53.57933568074199,66.40011840474861,86.23324688825849,53.42955813694839,64.3460949425147,46.57813790886664,Poor pull shot. Weak confidence reduce shot effectiveness.
cut,54.94504958725926,60.54957586613481,38.585475438814974,99.20267024378418,65.13152071229787,36.52982047647788,85.60763717834475,Poor cut shot. Weak hit quality reduce shot effectiveness. Improving front foot stance score will add consistency.
cover,99.61232750744358,25.28966115009551,7.751900284741309,65.23826599695276,91.10728808012053,83.32378717420406,55.74118762523872,Poor cover shot. Weak bat angle reduce shot effectiveness. Improving hit quality will add consistency.
cover,37.96263110517496,32.3825654746723,55.08986239264344,12.02769351666648,68.77319942504474,61.33864173537462,60.74420860055132,"Poor cover shot. Weak bat angle, face stability reduce shot effectiveness."
flick,35.70451844804312,19.195169287119963,39.37152277707459,73.6565907812153,97.72713493800656,72.47160449177484,59.22479774575463,"Good flick shot. Face stability provide controlled execution. Weak bat angle, hit quality reduce shot effectiveness. Improving confidence will add consistency."
cut,50.99293873358687,12.8225650603775,51.12805887182693,79.44995074305622,63.71648264678228,91.05037331073493,12.294878557097078,Poor cut shot. Weak bat angle reduce shot effectiveness.
cover,13.447753800415809,36.89771374001887,39.17744271307232,81.33452316285295,77.49603577916308,84.66616517251494,90.21396286851122,"Excellent cover shot. Face stability, shot accuracy provide controlled execution. Weak bat angle reduce shot effectiveness. Improving hit quality will add consistency."
cut,18.422064439914475,62.27000209500597,54.15786567682521,78.43454087358715,56.287366290852304,27.01538125106725,96.29607492502755,Poor cut shot. Weak confidence reduce shot effectiveness. Improving front foot stance score will add consistency.
sweep,56.0599492539704,57.85059595338225,31.543103107595805,60.122842835813074,59.73972470655647,72.68903102620156,93.48647078875332,Poor sweep shot. Weak hit quality reduce shot effectiveness.
pull,59.28993150945258,74.98893964538483,93.54202631507172,73.39630821015469,9.81241796539274,61.215161025170126,65.38426308280673,Poor pull shot. Weak stance bend reduce shot effectiveness.
cover,69.97485421398224,51.70834598123312,41.22905327473118,62.52709459170301,71.75879147026501,51.130186629441496,18.497313303198027,Poor cover shot. Weak shot accuracy reduce shot effectiveness. Improving hit quality will add consistency.
cover,53.98194489244411,56.102234443467495,22.666030151443152,51.84183800518962,62.93644285362259,84.8848641231276,64.54996598344695,Poor cover shot. Improving hit quality will add consistency.
cut,74.71014267078708,46.75497512283737,60.02712336354187,70.12848553985496,70.72398442100588,27.50118178698601,7.95975742017797,"Good cut shot. Confidence, hit quality provide controlled execution. Weak bat angle reduce shot effectiveness. Improving front foot stance score will add consistency."
cover,30.224642593448337,53.09350425054248,71.79293126202725,59.069861982907376,56.32805588455331,63.45991839475105,82.71447344020979,"Good cover shot. Bat angle, face stability, shot accuracy provide controlled execution."
cover,65.40492487464783,60.3129038910412,6.589054445527043,24.34274966723704,67.98452813594686,52.07364913409202,62.48473867258667,Poor cover shot. Weak face stability reduce shot effectiveness. Improving hit quality will add consistency.
cut,57.4843726598092,31.47939142308447,60.24821177174513,63.59788656536488,83.84342785090159,9.844803904374434,20.0368843993455,Poor cut shot. Weak bat angle reduce shot effectiveness. Improving front foot stance score will add consistency.
cover,16.29941387892253,65.58599774053785,85.37097356068291,60.64145042525415,68.97119360803956,76.81901386343435,44.9992925618635,Poor cover shot. Weak shot accuracy reduce shot effectiveness.
flick,85.97243350332703,25.96572772515441,84.51376995487537,89.20945616480216,84.28773673815199,55.15088358835912,63.56024551223204,"Excellent flick shot. Hit quality, face stability provide controlled execution. Weak bat angle reduce shot effectiveness."
